experiment,subject,crop_start,voln
merlin,speaker01,8,585
sherlock,speaker01,6,695
pieman2,speaker01,8,269
ogrady,speaker01,11,362
sherlock,listener01,20,695
sherlock,listener02,20,695
sherlock,listener03,20,695
sherlock,listener04,20,695
sherlock,listener05,20,695
sherlock,listener06,20,695
sherlock,listener07,20,695
sherlock,listener08,20,695
sherlock,listener09,20,695
sherlock,listener10,20,695
sherlock,listener11,20,695
sherlock,listener12,20,695
sherlock,listener13,20,695
sherlock,listener14,20,695
sherlock,listener15,20,695
sherlock,listener16,20,695
sherlock,listener17,20,695
sherlock,listener18,20,695
merlin,listener01,20,585
merlin,listener02,20,585
merlin,listener03,20,585
merlin,listener04,20,585
merlin,listener05,20,585
merlin,listener06,20,585
merlin,listener07,20,585
merlin,listener08,20,585
merlin,listener09,20,585
merlin,listener10,20,585
merlin,listener11,20,585
merlin,listener12,20,585
merlin,listener13,20,585
merlin,listener14,20,585
merlin,listener15,20,585
merlin,listener16,20,585
merlin,listener17,20,585
merlin,listener18,20,585
